scenario_id,probability,residual_t01,residual_t02,residual_t03,residual_t04,residual_t05,residual_t06,residual_t07,residual_t08,residual_t09,residual_t10,residual_t11,residual_t12,residual_t13,residual_t14,residual_t15,residual_t16,residual_t17,residual_t18,residual_t19,residual_t20,residual_t21,residual_t22,residual_t23,residual_t24,residual_t25,residual_t26,residual_t27,residual_t28,residual_t29,residual_t30,residual_t31,residual_t32,residual_t33,residual_t34,residual_t35,residual_t36,residual_t37,residual_t38,residual_t39,residual_t40,residual_t41,residual_t42,residual_t43,residual_t44,residual_t45,residual_t46,residual_t47,residual_t48
1,0.022222222222222223,4.410745075418902,6.721470989936165,3.4214117083460565,9.153421352559747,8.60404116963224,-1.9971749219425874,7.189671206089599,6.621406336963673,6.017065163729967,11.649905494384086,16.162845961893993,15.894329695489034,-2.904629285078954,-47.85203693897182,-53.261924151500864,-58.8626394669169,-75.70606182931812,-44.266342044774774,29.304194450176965,5.212673049543412,9.673774090909319,22.731902723518374,0.9898785906686953,6.484947309229597,12.161200131997361,21.61260920963224,31.184270745667902,-9.384440891053373,30.28205195097621,11.146953975316308,-15.96854941930701,-30.953608879292915,-47.28488897815737,-77.1667496458549,-63.82045354214847,-65.2425187834653,-71.8713831435789,-81.79847692615135,-85.72863645965015,-82.81945850148878,-72.58421997249553,-81.21207574275138,-73.94279182414505,-71.74596409547473,-71.22047767958531,-76.06138214785392,-85.3942444211869,-61.646033484645216
2,0.022222222222222223,-10.649945370911382,-31.22814902666886,-34.38239513018601,-35.8505229276592,-49.41636759552904,-50.4039796840446,-42.346074588324825,-47.161912962577446,-29.222981832924972,-46.834016162815544,-37.55215935220099,-34.8340325876016,-39.88596689682976,-28.397418607121722,10.715764698644705,3.0732777056331884,-0.5786980285388381,10.363160784526883,9.369274605199962,9.937173963050611,-25.936271409734672,-42.09695122450978,-154.38419302589585,-41.337424992406284,-37.515895925157736,-36.793891643826726,-45.16448284023818,-54.4121300798829,-39.034374843592616,-25.975787866366773,-15.853079675105903,20.446229605180633,40.31763144127984,21.42603801754234,9.301910004619174,35.841720111375594,38.26878783652421,40.018679193479784,32.36555061197248,24.189835755171543,29.249374224589246,17.02090690940281,30.49184393869251,20.844867818019623,5.458805616548318,0.0016016733230799218,14.457214849212335,10.534320486715728
3,0.022222222222222223,-2.0669226731627077,29.146356199822833,34.049706526692376,52.01943528166919,28.351109661809346,29.457996662668734,35.82254903323263,45.44947678499625,38.4055078369052,42.62610898623984,43.5247660054456,55.942154009655496,39.95640206860912,76.38081750662144,14.93096931625081,45.79468155819052,8.295728028344115,7.198492639430867,41.91636552176908,28.639001239237928,7.219079321885147e-05,8.072613582044141e-06,24.046225453922318,-47.20911063953258,0.004939040450096854,-1.4933705514166036,-39.15321432909468,8.335073459526825,22.821101351132086,-8.506069250122096,-13.250317958598316,-2.2464769244834315e-07,-9.723771288185617,9.389672886598305,7.528453807026381e-06,-2.2400041643777513e-07,8.56788540204434e-06,43.38576920027367,23.139662794819515,31.284035205178498,14.572336132363489,7.049737833921085,6.543476149545313e-05,-11.136962048240377,-5.137348926226821,-6.933907956294149,10.110600700927591,22.21179794461159
4,0.06666666666666667,2.685099285658737,-4.5037330137611775,-7.049079336049772,-6.660495492778978,-9.553331451946804,-30.1120992709167,4.587193132010725e-06,6.9761664462211,3.250422078947281,20.699776902065082,15.417301313000507,10.538686631050496,18.608856802194396,19.0005852304011,5.490725365234425,26.4595691547284,10.728199909922012,14.550295487121218,37.81601511286692,47.86537050822926,70.30285996479245,179.46868555582842,135.28237530752335,82.68703952140709,69.61355899329021,70.50399007891252,71.07203287848972,80.7669444645777,82.10689584469759,46.40220286578841,38.082891274069766,1.3371341351827937,4.92748239366847e-06,22.005476110180552,-6.244121931331392e-05,3.5123501604379044,-20.4905538557328,6.75258712590221e-06,-8.586249578002025e-08,2.588893096344691e-06,1.913868004521646e-06,2.675091309356503e-06,-12.445669940158382,-3.2360003801904895,3.4944647810783067,-3.632898222210258,26.289223324399586,9.381959216347695
5,0.17777777777777778,-10.068147999221708,9.549283546904235,-2.1685401648475136,-5.636037364916376,6.277562005036316,5.325910617834609,7.18617695665381,6.583051715536385,10.277652710838652,6.520410096764806,5.430272801067417,7.1486846464326845,10.95750295079074,8.46321721155141,4.904814356531517,5.920219592016508,10.265611978769982,4.6370615294860045,9.512673487622749,5.192788414060715,9.338954728261115,1.737286505443194,-8.564364148469338,-2.8071735361372134,7.032381955558719,-3.410553972571506e-07,-1.8296365782225052,-1.1472613686835302,6.36730207940758,-0.8900638607574933,6.874818835280848,21.598965870472625,33.51857684756078,49.64202916659201,-5.2990513179434515,-24.308270631987114,3.1779515537105,7.136715833409028,-0.9178875813984746,-2.723039550536555,-15.440256736102981,-4.435771410573011,18.10430655946658,17.994180300738662,-0.013502349530881474,-0.2072075161377711,24.650905602277874,16.343982365732074
6,0.022222222222222223,-12.46820791800559,-32.21139993924584,6.0810184076731275,2.261139684378577e-07,-3.542012666766311,-0.00022227954627851432,-8.238886662561583,3.476824961502416,10.927740043306699,22.967638979204423,18.86058517752224,25.426379767958508,20.10541414529689,44.65514001190991,14.600310397225712,30.932967235633214,19.0294401948035,10.23709539601657,-3.56207272456885,-0.00045945968406613247,-2.9471111500317875,-0.12634398871159647,8.978788824931371,16.052260106189976,13.354527163252044,5.652418449024708,10.658956296598774,13.831151469595909,18.370110487396346,-10.321492730540285,-13.738071503945434,-0.008066022515890836,19.881841516422412,37.44641999397584,41.70986878012559,31.961614872909934,51.608175076629436,91.47781617799285,32.05685584444814,0.8811184026860701,3.0574944036123384,-18.408964758229217,-7.322145437459312,1.1112533115920087e-06,-1.8574678506411146e-07,-6.202419124365406,11.821909755753495,0.00018081230552979832
7,0.17777777777777778,-2.415235659765756,-3.3334643820047063,-5.4328922738889105,-10.393105941598549,-2.734757502586433,-3.337497946761232,-13.436058967464476,-7.085374433812149,-14.967167615029211,-6.398276210615393,-8.237002369699894,-7.2516115406837685,1.6304335139316777,1.6608670193818398e-05,2.317788698746881e-07,10.586084813175376,-3.474817125019513,-9.672206672632171,3.8218653728832237,-10.188352754082075,-12.938234550186166,-16.3561884827393,-14.72971649638481,-18.182267006374843,-7.504268211149736,-9.483920805585,-11.636142219591363,0.8502508780739504,-15.341275752664728,-18.005232995385995,-36.21166705764438,-15.966221092492333,-16.0327256718208,-27.582553334989257,-31.29496956855246,-33.8583679660789,-29.392661602105136,-30.95725048880638,-35.70664146613154,-29.046941570022227,-25.594286955059374,-35.93508684516047,-36.5831632146016,-38.78273223924276,-28.635428839806025,-37.222800107631315,-25.80225471983823,-13.762619071529627
8,0.022222222222222223,-29.212994267466797,-41.62571384041655,-49.98524935911536,-41.3179272573708,-30.542421646958303,-20.807126123086903,-26.941163490991983,-3.4523157521268786,-10.621439804874399,-2.1092645998213015,6.049830727641904,-5.283733878073122,-11.761258215817918,-4.434666723657585,7.72540698915742,54.004544710726066,208.4638049793557,311.81098552782817,425.7306601397209,320.20136005354476,391.6432158105655,432.48251252416503,84.45663488134238,321.72449147993234,101.387515341025,170.0716807155835,155.83287094294315,49.50681235080435,60.08315523640471,25.32493936556341,64.4428548110119,40.27495955592855,40.433404540299136,62.09465263780828,28.0491142520969,77.25682605907178,322.828446802118,209.3759113812734,54.511607924167265,23.466601133527092,2.6555020918383434,-10.314350949201412,-12.137943831107577,-13.073545557315526,-9.485021952234888,3.970479705018249,-8.496669249471495,-23.81801099017588
9,0.044444444444444446,-9.740540213807378,-13.697993860377096,22.092078663210316,18.033961569296707,-8.85676574853278e-05,-5.927643855463032,-15.416054963902468,-16.408446473168794,-8.7337228316552,-11.808520318346552,-6.226844161573183,0.16156915224047452,-3.412434438552964,-9.526152474832202,-9.2381089144842,-36.7232524339866,-2.951728407651899e-05,284.1856744079069,478.6106642969993,407.875129905597,418.8184318979172,205.353493550434,122.55385341334772,100.49774771587533,-8.9639142046899,-10.13045219008768,9.541759966801123,-7.582676204237316,-10.226705981522514,-71.20761577121789,97.95465680944318,-1.350105816874816,4.043007442468422,78.66465462391176,19.77990142160263,25.446816435865742,-60.43650710404006,-22.46976033288138,7.599788930457521,-23.80721852987233,-39.72606612187491,-5.941430456144644,1.685062396432329,-3.7879518746549934,-36.53589211419825,-47.11465649731548,-15.49042556641541,-22.688945880316282
10,0.022222222222222223,-1.1925874095686027,28.799604762538934,34.47488068362526,32.92624403494375,24.776366076735485,12.080308934695779,16.049399312158926,4.595869963351788,-9.684389044515399,3.7416987307896648,5.79428019618166,3.50379536575781,8.770964245702487,17.98035792011899,4.017497708218798,-8.167631852976228,68.63141948532962,-38.15427078823211,-31.02180000785728,-25.46051528652572,-53.943511285768466,-48.107144410523915,-73.05320253430347,-102.51636759711226,-124.5108271902809,-99.03193022143938,-126.94049539448594,-147.2966050698838,-123.69645447788088,-96.70658733248217,-82.09874912461737,-56.01261444235638,-33.91067928487672,-30.6796991468849,-24.823927182647708,-6.734088746263637,6.442368023438576,-5.160576150235443,-14.675509145648732,-21.1648068774158,-26.4924610053518,-9.934361657435943,1.6077290437990541,-13.414458484483191,-22.809214670160202,-36.57193539891256,-5.35963063324715,-18.49896729484169
11,0.13333333333333333,-7.0019836373579665,26.29921217820913,15.085717918861974,23.263533231477595,33.4590142580808,14.82661890372384,3.141372531478737,11.376050412653228,4.837356891958223,18.816556101008757,19.536780634307036,12.3353530966059,7.071209307487379,25.27855571207516,17.464759330693994,2.179963962110719,3.8894570083509734,0.4371301580574709,9.41589372556615,10.85434649945421,15.843435742036547,11.512738864081712,0.21587280752032711,15.7142648234136,18.910652182463707,13.289709901814433,17.817712800642028,10.112919993311891,21.8422768017125,13.32049522831079,1.7654472413892108,-0.009620411162586606,4.390383114539986,-5.0070045553357545,1.2901072954665551,-2.194228964431602,-12.947987893653135,-2.9771748498303054,-2.8358009122752605,-9.902950720923172,-6.171287259238625,-7.610358113498705,1.3931042402227831,6.461758672859901,4.653773372667615,-4.460461226577593,4.44728636894223,2.7789024997381944
12,0.022222222222222223,-16.69916377503722,13.767040405326497,3.4835063124527323,1.9352537862696408,-8.643370159683798,-3.3668795138108294,5.600377583169575,9.388455413320457,2.598317215843224,46.62456899996482,7.621701851911325,4.282305493991032,-1.8481028973837965e-07,4.2008936715229765,-0.21419551891909805,1.8394264873431325,9.565792460954924,21.484757962775404,-71.480814427025,-313.2436687899027,-164.52880512284764,-65.95294056816925,-298.0934292501884,-1.7944247934564714,-6.914995084968666,-3.458337276379325,-3.7084679144492156,-171.94627938857383,-75.7892574978876,-88.10301851435574,-4.235472401318702,17.133757583110366,22.97701595354164,30.175211568164116,13.681421083274302,2.4388820839157006,1.725536794907498,-12.843299673995489,2.3210101118543207,4.671856531127105,7.35458399410328,14.135660879389661,48.505490116912654,41.509235140924886,30.335494261886822,41.06537796137343,51.421794430094394,47.71537613776968
13,0.022222222222222223,-19.947177457362955,-73.94475287324968,-85.23739088290489,-84.8956021532482,-62.116558939715844,-25.92160186782479,-41.099630786788964,-51.20672909827755,-42.53960744148799,-52.40056788320635,-49.11805319835662,-63.30300055484332,-60.40741105178819,-94.68529824660266,-106.3764850205207,-133.79029680613246,-146.81290698076373,-107.88817951520224,-67.55194795039591,-63.86716440075401,-62.862693758527996,-39.47427943547308,-36.77871966291002,-54.95251475140532,-34.02339708455571,-43.314451366423725,-55.897332534718544,-46.134563823368524,-55.55199828648847,-92.79812893080901,-112.01261497136397,-115.3640358055589,-82.93334518453776,-139.1937351378989,-124.00226210347319,-105.1920536375664,-218.74944320580073,-180.50056096315132,-153.2889143961209,-124.82923029739015,-111.90108453814457,-115.88624656654497,-132.8323750627295,-122.41352640679344,-94.38145163183697,-59.006561067131486,-69.51406021721004,-67.68650563815191
14,0.022222222222222223,-3.5684121869247747,-9.22172972743499,-17.394385102890396,-8.207050153747673,-3.9420871080922097,6.3215753129952645e-06,18.547476257250423,20.435902341652877,11.312494333090285,28.844051345012588,25.061792335778648,27.810051627590894,14.803554636311219,10.983912760996816,9.70350112073777,18.2842288892561,-2.6361048890228176,-7.807808970708436,-15.315607694549328,-26.04507757919913,-16.423884829468307,-19.582160864282116,-16.732455560939457,-2.323645790463843,-1.0576733188827347e-05,4.56702948642959,13.449845684876777,-0.92796079119762,-18.01641841889682,-19.184762321180074,8.07106283367699,13.320442156399622,17.41350141904212,29.408974627916677,4.651422212004661,-7.3544370093952125,10.444435883742813,17.04697546265959,5.896174158282179,9.023384428216445,2.716459313166979,18.501998831873834,60.13177355671502,56.81133109866897,33.13762497916946,42.88709238308252,52.064924823431284,2.655660125583381e-06
15,0.044444444444444446,-11.996311423678321,-19.864913465136908,5.949069131271756,-15.300506061594035,-26.525521241131116,-30.12631310274145,-24.326988981983163,-31.43433572053584,-22.461932082129408,-31.0873923778002,-28.875641662467785,-29.812781411309004,-47.488268736254895,-44.565170015046874,-15.21886152918853,1.1392778744686893,283.8689729303792,229.6593614572172,65.66136453516998,178.56358723161833,-6.295176000821186,-10.183243631472749,-7.576138677029348,-26.592288334205477,-38.09117075126045,-35.42887033996885,-18.72048552786157,-5.1734505753933036,-6.474248987180658,6.091607450529125,2.523334144946091,25.11393369140751,318.9908725409081,163.92578725012635,81.09551483768445,309.9033882557418,285.857505489312,122.61062131685594,65.34765355161335,16.046937231073798,8.117575342901034,-16.447515122548452,5.911639573902562,14.392543599500073,-2.6779725155569736,2.2796713778916455e-06,110.58985942484009,-21.905575425595543
16,0.022222222222222223,-11.823437539717588,-38.523691959031396,-59.3125140787065,-62.390003703138575,-52.70035038591743,-49.8752235610761,-57.96089147379439,-49.8782304210161,-44.69627596131528,-39.827393117589224,-47.33440779545225,-43.71520606272162,-47.30668547375984,-41.71045123644154,-39.39141536255096,-32.586851755845714,92.25507308842032,55.849485601596086,29.3651589890992,21.93096363420034,28.117941493092587,18.424526306867108,-29.305888939682916,18.040638076910056,12.517709114061972,15.643755220354365,14.063335177383294,-33.700844358392146,23.47468585317381,27.72846538068893,34.905783376601505,45.37357402797096,51.1440419782906,50.74023547770082,37.165741462655774,-58.6128690510929,-55.601261122811934,-59.832734094003,-61.060488052974165,-52.736945430372714,-46.85105194097184,-56.22813112075664,-59.744866059318326,-59.662079090355974,-57.968734676631186,-59.93360625141793,-59.494084842481925,-49.23894338915045
17,0.022222222222222223,-4.0026013743486715,201.45479235766618,73.46601985493027,55.43758195300683,70.12635362137138,71.21119984374144,76.86111484996309,73.26688868642469,73.53733625123823,70.27909094076233,66.35725680185982,82.47220658347976,82.46347750869569,90.9945450535742,110.38274062618353,395.1409598180533,207.66181905752086,26.246442731974014,56.146164168104804,48.60906348956354,49.74575038827976,42.900587576287194,43.02544127199462,48.82824224449189,35.09369611204738,41.942014460054224,31.43731411801997,35.40318689176064,17.764638922033953,28.604258839954014,8.379649498911647,2.7548089897111936,7.380411168470516,22.511400260327207,31.941979532632786,54.36767288802997,62.594480767238736,43.97865895974002,68.55381248914767,72.59681306386432,69.14729281573875,63.038032366512766,94.40760616341703,117.01678985958318,85.52782674850442,139.44466324023853,133.74526387182357,88.4932650631107
18,0.022222222222222223,-15.429867332036679,-15.228770656677796,-16.616743887943244,-16.784582941621125,-16.889177212299614,-20.44367083968183,-18.30555639634798,-10.01932862149556,-14.657106582549773,-13.862417507789985,-9.307304397119992,-9.578429127576726,-14.386009954775773,-16.556305852234857,10.215364619154514,16.137991837252798,1.8339057386912145,-11.271928224078579,-7.49517991005888,-63.975273444730504,-182.45143951834393,-360.86151368375533,-451.7812117810983,-27.895446117974018,-78.02741252259264,-15.752322117279562,-16.540251943775104,-407.5550127675382,-102.45246912149054,-8.792555225688318,-16.162758829496227,13.027286886769389,32.64036666980951,1.421010183453916,-5.623950473758498,-9.049544390122662,-16.092844285555998,-34.243739503315965,-36.179373706425736,-31.792296767901803,-29.574525354967136,-28.975279293552774,-14.062342689672732,-11.632641768056601,-17.203397151171714,-14.606545768703597,-3.019895254798598,-6.735261408001406
19,0.044444444444444446,-21.206957263393008,66.89726988859519,41.556837900140636,19.5553559293582,21.429462706370884,24.197503277087435,1.595374273505513,-4.116163982803755,8.769063334237615,12.487976408954125,-5.303812697863293,2.0714493928153388e-05,19.929069436153952,58.39100657978469,66.54657903770197,308.20011553120605,487.66499044677715,56.41807283553811,86.20799135349779,48.63372255955767,32.4674189521952,16.376744018266493,20.773835071099597,15.271271284893487,29.64343099440606,12.056192556867359,67.72879209805029,29.73001762129263,12.357903487191209,9.196766986864816,14.45025918540091,77.6761320294342,49.50222417652418,12.529207380577589,6.840730323311448,24.899546746949113,23.643588136200492,37.461555058990484,32.51913405762309,35.8883241585512,27.401711910517406,56.92241082023895,38.02398888885813,23.525405570734165,14.499444068985042,12.974594514011926,53.804890908952814,23.207699183040802
20,0.044444444444444446,-7.781407418860908e-05,4.219453450705942,7.188798373397674,-5.811662107876828,-12.012076426417366,-17.446720918094968,-3.5030974190357824,14.158137853714095,20.070887795114004,1.0092771314634774,7.246497559518389,12.596883257534273,-44.667529915336615,-54.01930940506924,-50.3943470817469,-6.598233412086472,-10.031347395008083,35.285286565378954,18.25830974886219,22.001597605155837,22.352303089154645,57.38624078031245,58.37438634364537,76.01263083010798,-7.822982746904813,-5.22730944457993,8.903151274173126,-9.150369913433508,-33.424761541295254,-47.969100464728,-36.83359529021368,-36.116015643619676,-39.93098622687012,-36.11943020881279,-48.66022642370473,-37.46331853998345,-41.993091745465904,-40.27073850013369,-58.87913182635032,-55.70600381608682,-49.7461884181057,-38.5706457729803,-39.49161912056678,-48.19491345208996,-63.268238074245915,-63.36855594035353,-29.60357968862246,-29.27074508313399
